id,wbs,name,phase,work_package,duration,remaining,percent_complete,actual_start,actual_finish,constraint,constraint_date,notes,low_factor,high_factor,baseline_start,baseline_finish,current_start,current_finish,start_day,finish_day,network_float,total_float,late_start_day,late_finish_day,path_status,finish_variance,task_id,p50_date,p80_date,on_baseline_probability,risk_status
T001,0,Program authorization,Program,Authorization,0,0,100,2026-04-06,2026-04-06,ASAP,,Fictional planning estimate,0.85,1.25,2026-04-06,2026-04-06,2026-04-06,2026-04-06,0.0,0.0,0.0,-18.0,-18.0,-18.0,Complete,0,T001,2026-04-06,2026-04-06,1.0,Complete
T006,1.1.5,Airframe definition: Approval gate,Engineering,Airframe definition,0,0,100,2026-05-29,2026-05-29,ASAP,,Fictional planning estimate,0.85,1.25,2026-05-29,2026-05-29,2026-05-29,2026-05-29,39.0,39.0,0.0,0.0,39.0,39.0,Complete,0,T006,2026-05-29,2026-05-29,1.0,Complete
T011,1.2.5,Power and thermal: Approval gate,Engineering,Power and thermal,0,0,100,2026-05-21,2026-05-21,ASAP,,Fictional planning estimate,0.85,1.25,2026-05-21,2026-05-21,2026-05-21,2026-05-21,33.0,33.0,0.0,-18.0,15.0,15.0,Complete,0,T011,2026-05-21,2026-05-21,1.0,Complete
T016,1.3.5,Avionics architecture: Approval gate,Engineering,Avionics architecture,0,0,100,2026-07-20,2026-07-20,ASAP,,Fictional planning estimate,0.85,1.25,2026-07-20,2026-07-20,2026-07-20,2026-07-20,75.0,75.0,0.0,0.0,75.0,75.0,Complete,0,T016,2026-07-20,2026-07-20,1.0,Complete
T021,1.4.5,Structural substantiation: Approval gate,Engineering,Structural substantiation,0,0,100,2026-07-15,2026-07-15,ASAP,,Fictional planning estimate,0.85,1.25,2026-07-15,2026-07-15,2026-07-15,2026-07-15,72.0,72.0,0.0,0.0,72.0,72.0,Complete,0,T021,2026-07-15,2026-07-15,1.0,Complete
T026,1.5.5,Prototype integration: Approval gate,Engineering,Prototype integration,0,0,100,2026-09-03,2026-09-03,ASAP,,Fictional planning estimate,0.85,1.25,2026-09-03,2026-09-03,2026-09-03,2026-09-03,108.0,108.0,57.0,39.0,147.0,147.0,Complete,0,T026,2026-09-03,2026-09-03,1.0,Complete
T031,1.6.5,Design acceptance: Approval gate,Engineering,Design acceptance,0,0,100,2026-09-03,2026-09-03,ASAP,,Fictional planning estimate,0.85,1.25,2026-09-03,2026-09-03,2026-09-03,2026-09-03,108.0,108.0,57.0,39.0,147.0,147.0,Complete,0,T031,2026-09-03,2026-09-03,1.0,Complete
T036,2.1.5,Platform services: Release gate,Software,Platform services,0,0,100,2026-07-15,2026-07-15,ASAP,,Fictional planning estimate,0.85,1.25,2026-07-15,2026-07-15,2026-07-15,2026-07-15,72.0,72.0,0.0,0.0,72.0,72.0,Complete,0,T036,2026-07-15,2026-07-15,1.0,Complete
T041,2.2.5,Telemetry collection: Release gate,Software,Telemetry collection,0,0,100,2026-07-10,2026-07-10,ASAP,,Fictional planning estimate,0.85,1.25,2026-07-10,2026-07-10,2026-07-10,2026-07-10,69.0,69.0,0.0,-18.0,51.0,51.0,Complete,0,T041,2026-07-10,2026-07-10,1.0,Complete
T046,2.3.5,Health monitoring: Release gate,Software,Health monitoring,0,0,100,2026-09-08,2026-09-08,ASAP,,Fictional planning estimate,0.85,1.25,2026-09-08,2026-09-08,2026-09-08,2026-09-08,111.0,111.0,0.0,0.0,111.0,111.0,Complete,0,T046,2026-09-08,2026-09-08,1.0,Complete
T051,2.4.5,Operator interface: Release gate,Software,Operator interface,0,0,100,2026-08-26,2026-08-26,ASAP,,Fictional planning estimate,0.85,1.25,2026-08-26,2026-08-26,2026-08-26,2026-08-26,102.0,102.0,0.0,-18.0,84.0,84.0,Complete,0,T051,2026-08-26,2026-08-26,1.0,Complete
T056,2.5.5,Integration build: Release gate,Software,Integration build,0,0,0,,,ASAP,,Fictional planning estimate,0.85,1.25,2026-10-28,2026-10-28,2026-10-28,2026-10-28,147.0,147.0,18.0,0.0,147.0,147.0,Noncritical,0,T056,2026-10-29,2026-11-02,0.2538,At risk
T061,2.6.5,Release qualification: Release gate,Software,Release qualification,0,0,0,,,ASAP,,Fictional planning estimate,0.85,1.25,2026-10-20,2026-10-20,2026-11-23,2026-11-23,165.0,165.0,0.0,-18.0,147.0,147.0,Critical,24,T061,2026-11-25,2026-11-27,0.0,At risk
T066,3.1.5,Supplier qualification: Readiness gate,Logistics,Supplier qualification,0,0,100,2026-05-26,2026-05-26,ASAP,,Fictional planning estimate,0.85,1.25,2026-05-26,2026-05-26,2026-05-26,2026-05-26,36.0,36.0,0.0,0.0,36.0,36.0,Complete,0,T066,2026-05-26,2026-05-26,1.0,Complete
T071,3.2.5,Long lead procurement: Readiness gate,Logistics,Long lead procurement,0,0,100,2026-07-14,2026-07-14,ASAP,,Fictional planning estimate,0.85,1.25,2026-05-29,2026-05-29,2026-07-14,2026-07-14,71.0,71.0,0.0,0.0,71.0,71.0,Complete,32,T071,2026-07-14,2026-07-14,0.0,Complete
T076,3.3.5,Spares provisioning: Readiness gate,Logistics,Spares provisioning,0,0,100,2026-07-10,2026-07-10,ASAP,,Fictional planning estimate,0.85,1.25,2026-07-10,2026-07-10,2026-07-10,2026-07-10,69.0,69.0,0.0,0.0,69.0,69.0,Complete,0,T076,2026-07-10,2026-07-10,1.0,Complete
T081,3.4.5,Maintenance planning: Readiness gate,Logistics,Maintenance planning,0,0,100,2026-09-02,2026-09-02,ASAP,,Fictional planning estimate,0.85,1.25,2026-07-20,2026-07-20,2026-09-02,2026-09-02,107.0,107.0,0.0,0.0,107.0,107.0,Complete,32,T081,2026-09-02,2026-09-02,0.0,Complete
T086,3.5.5,Training development: Readiness gate,Logistics,Training development,0,0,100,2026-09-03,2026-09-03,ASAP,,Fictional planning estimate,0.85,1.25,2026-09-03,2026-09-03,2026-09-03,2026-09-03,108.0,108.0,165.0,147.0,255.0,255.0,Complete,0,T086,2026-09-03,2026-09-03,1.0,Complete
T091,3.6.5,Support readiness: Readiness gate,Logistics,Support readiness,0,0,0,,,ASAP,,Fictional planning estimate,0.85,1.25,2026-09-03,2026-09-03,2026-10-19,2026-10-19,140.0,140.0,133.0,115.0,255.0,255.0,Noncritical,32,T091,2026-10-20,2026-10-21,0.0,Missed
T096,4.1.5,Bench verification: Evidence gate,Testing,Bench verification,0,0,0,,,ASAP,,Fictional planning estimate,0.85,1.25,2026-12-22,2026-12-22,2027-01-15,2027-01-15,204.0,204.0,0.0,-18.0,186.0,186.0,Critical,18,T096,2027-01-20,2027-01-25,0.0,At risk
T101,4.2.5,Environmental qualification: Evidence gate,Testing,Environmental qualification,0,0,0,,,ASAP,,Fictional planning estimate,0.85,1.25,2026-12-14,2026-12-14,2027-01-07,2027-01-07,198.0,198.0,0.0,-18.0,180.0,180.0,Critical,18,T101,2027-01-13,2027-01-18,0.0,At risk
T106,4.3.5,Ground integration: Evidence gate,Testing,Ground integration,0,0,0,,,ASAP,,Fictional planning estimate,0.85,1.25,2027-02-10,2027-02-10,2027-03-08,2027-03-08,240.0,240.0,0.0,-18.0,222.0,222.0,Critical,18,T106,2027-03-12,2027-03-18,0.0,At risk
T111,4.4.5,Taxi readiness: Evidence gate,Testing,Taxi readiness,0,0,0,,,ASAP,,Fictional planning estimate,0.85,1.25,2027-02-05,2027-02-05,2027-03-03,2027-03-03,237.0,237.0,0.0,-18.0,219.0,219.0,Critical,18,T111,2027-03-10,2027-03-16,0.0,At risk
T116,4.5.5,Flight research campaign: Evidence gate,Testing,Flight research campaign,0,0,0,,,ASAP,,Fictional planning estimate,0.85,1.25,2027-03-29,2027-03-29,2027-04-22,2027-04-22,273.0,273.0,0.0,-18.0,255.0,255.0,Critical,18,T116,2027-04-30,2027-05-05,0.0,At risk
T121,4.6.5,Test evidence closure: Evidence gate,Testing,Test evidence closure,0,0,0,,,ASAP,,Fictional planning estimate,0.85,1.25,2027-03-29,2027-03-29,2027-04-22,2027-04-22,273.0,273.0,0.0,-18.0,255.0,255.0,Critical,18,T121,2027-04-30,2027-05-06,0.0,At risk
T126,5.1.5,Configuration freeze: Acceptance gate,Delivery,Configuration freeze,0,0,0,,,ASAP,,Fictional planning estimate,0.85,1.25,2027-05-13,2027-05-13,2027-06-08,2027-06-08,306.0,306.0,0.0,-18.0,288.0,288.0,Critical,18,T126,2027-06-21,2027-06-25,0.0,At risk
T131,5.2.5,Documentation release: Acceptance gate,Delivery,Documentation release,0,0,0,,,ASAP,,Fictional planning estimate,0.85,1.25,2027-05-18,2027-05-18,2027-06-11,2027-06-11,309.0,309.0,0.0,-18.0,291.0,291.0,Critical,18,T131,2027-06-24,2027-06-30,0.0,At risk
T136,5.3.5,Acceptance inspection: Acceptance gate,Delivery,Acceptance inspection,0,0,0,,,ASAP,,Fictional planning estimate,0.85,1.25,2027-07-07,2027-07-07,2027-08-02,2027-08-02,345.0,345.0,0.0,-18.0,327.0,327.0,Critical,18,T136,2027-08-16,2027-08-20,0.0,At risk
T141,5.4.5,Operator training: Acceptance gate,Delivery,Operator training,0,0,0,,,ASAP,,Fictional planning estimate,0.85,1.25,2027-07-02,2027-07-02,2027-07-28,2027-07-28,342.0,342.0,0.0,-18.0,324.0,324.0,Critical,18,T141,2027-08-11,2027-08-17,0.0,At risk
T146,5.5.5,Transfer preparation: Acceptance gate,Delivery,Transfer preparation,0,0,0,,,ASAP,,Fictional planning estimate,0.85,1.25,2027-08-26,2027-08-26,2027-09-21,2027-09-21,381.0,381.0,0.0,-18.0,363.0,363.0,Critical,18,T146,2027-10-06,2027-10-13,0.0,At risk
T151,5.6.5,Program closeout: Acceptance gate,Delivery,Program closeout,0,0,0,,,ASAP,,Fictional planning estimate,0.85,1.25,2027-08-26,2027-08-26,2027-09-21,2027-09-21,381.0,381.0,0.0,-18.0,363.0,363.0,Critical,18,T151,2027-10-06,2027-10-13,0.0,At risk
T152,6,Final demonstrator acceptance,Program,Final acceptance,0,0,0,,,FNLT,2027-08-26,Fictional planning estimate,0.85,1.25,2027-08-26,2027-08-26,2027-09-21,2027-09-21,381.0,381.0,0.0,-18.0,363.0,363.0,Critical,18,T152,2027-10-08,2027-10-14,0.0,At risk
